{"mean": -1051.2086181640625, "std": 239.64151000976562}